Assessment_Val,Count,MAE,MSE,R2,PRD,COD,PRB,Weighted Mean,Average Deviation
"(0.0, 210000.0]",2561,27743.1649204471,1786788914.3123543,-0.10589293420726387,1.0178303344432849,17.169112181467167,"{'PRB': -0.14581486288749138, 'Sig': 8.19757049568611e-31}",0.9434764854914692,0.16814321883384337
"(210000.0, 295835.0]",2553,25982.327045790134,1180540182.1674922,-1.0401990376966381,1.0201833456664713,10.61990456018171,"{'PRB': -0.48902780367253385, 'Sig': 0.0}",1.0190329844030102,0.10888428932424724
"(295835.0, 423131.0]",2056,36804.7367870369,2377300962.126505,-0.9272187366022873,1.0190421614882375,11.074264104777969,"{'PRB': -0.5069738232394749, 'Sig': 0.0}",1.010327249835838,0.11170111050938675
"(423131.0, inf]",1207,74527.71677469746,21678441711.2803,0.516388218194872,1.0326712439549794,14.31864754591894,"{'PRB': -0.3283732903616673, 'Sig': 1.8343070294572485e-56}",1.0593897305662117,0.14949734978074025
