Assessment_Val,Count,MAE,PRD,COD,PRB,Weighted Mean,Mean Ratio,Median Ratio
"(0.0, 210000.0]",1773,35243.066464416996,1.0474952450458028,19.322266704322764,"{'PRB': -0.5816378267964346, 'Sig': 2.238641208381333e-215}",0.8993628746450242,0.9420783347613872,0.876403382800465
"(210000.0, 295835.0]",2355,49413.54041453092,0.9995197400520458,8.647387847930158,"{'PRB': 0.03202723726637808, 'Sig': 0.05979559755870584}",0.8462111956876421,0.845804794342843,0.838016192352774
"(295835.0, 423131.0]",1956,70424.65418972417,1.0013816522423127,8.618486943997196,"{'PRB': -0.08463148250321319, 'Sig': 8.812754632542752e-07}",0.8386573931462619,0.8398161260140345,0.8365859956535385
"(423131.0, inf]",1146,134472.99605201406,1.0037721202711123,9.169095424104395,"{'PRB': -0.027448728561493434, 'Sig': 0.006743089766651266}",0.8147876311734707,0.8178611081136717,0.8207973734577878
