Assessment_Val,Count,MAE,PRD,COD,PRB,Weighted Mean,Mean Ratio,Median Ratio
"(0.0, 210000.0]",1798,36851.12224991416,1.0649172862942067,21.6996526614663,"{'PRB': -0.6319675407455488, 'Sig': 3.8096424511131755e-216}",0.8940035949453883,0.952039882266508,0.8599571818728136
"(210000.0, 295835.0]",2324,50780.29186627809,0.9994527567212915,8.903141968506791,"{'PRB': 0.03761852239850084, 'Sig': 0.03233452723933864}",0.8405097685175212,0.8400498051960112,0.8307188448638463
"(295835.0, 423131.0]",1879,67368.54364448143,1.0013185041636237,8.682726765494392,"{'PRB': -0.08344015101159112, 'Sig': 2.694883269915229e-06}",0.8447436331737036,0.8458574311712378,0.8435896923979262
"(423131.0, inf]",991,130931.63465541875,1.0036016310831266,9.114790031521757,"{'PRB': -0.03051941556514446, 'Sig': 0.006403847514394258}",0.8161271802980987,0.8190665693184448,0.8201518644209606
