legal_acreage,Count,MAE,PRD,COD,PRB,Weighted Mean,Mean Ratio,Median Ratio
"(0.0, 0.19]",1975,52958.200678412904,1.022787081275687,11.162966392901483,"{'PRB': -0.1644707272796374, 'Sig': 1.4425378909649491e-74}",0.8460268222189536,0.8653053041782681,0.8422417703495223
"(0.19, 0.2]",294,53245.43861493167,1.005893714511648,8.884944103526683,"{'PRB': -0.04914042655370071, 'Sig': 0.0005042832831364167}",0.841984234325851,0.8469466490262761,0.8326124206086043
"(0.2, 0.34]",2561,56767.07494610439,1.025205638057781,12.068777392928304,"{'PRB': -0.17071272850578814, 'Sig': 2.0336251653437406e-101}",0.8401770004822685,0.8613541978608967,0.8319783008323132
"(0.34, 0.35]",129,59944.66068318484,1.0204591737412507,11.822395888366069,"{'PRB': -0.14700465374304564, 'Sig': 5.856061631398157e-07}",0.8554938356551781,0.8729965326734165,0.8651751495394202
"(0.35, inf]",2033,82267.83772568466,1.0457761981485665,14.293323778860177,"{'PRB': -0.20399432747515367, 'Sig': 3.843295861573848e-100}",0.8412636811974297,0.8797735341631157,0.8437900565606434
