legal_acreage,Count,MAE,PRD,COD,PRB,Weighted Mean,Mean Ratio,Median Ratio
"(0.0, 0.19]",1867,51203.85844967121,1.0160721910030766,9.7163494735472,"{'PRB': -0.11400563987940002, 'Sig': 3.29336010668655e-61}",0.8490322765970875,0.8626780855143328,0.8479758809765484
"(0.19, 0.2]",290,52211.50362555844,1.0105911509741095,8.976156100371584,"{'PRB': -0.09565596024339046, 'Sig': 3.2016746769525396e-08}",0.8448833905291496,0.8538316780737614,0.8375877090901295
"(0.2, 0.34]",2515,55118.79201949105,1.0170144698093475,10.71215273204722,"{'PRB': -0.10820515859455812, 'Sig': 1.384939944933889e-79}",0.8409062572214873,0.8552138313474736,0.8369567454027124
"(0.34, 0.35]",126,59733.67321530764,1.0121383326927866,10.483584380925485,"{'PRB': -0.08433457055905579, 'Sig': 0.000447191022855655}",0.8481958819111535,0.8584915657144426,0.8497366384826208
"(0.35, inf]",1981,82216.82221359295,1.036841485822063,12.62318058928079,"{'PRB': -0.1672307346692743, 'Sig': 5.338400687326967e-87}",0.8393354995141037,0.8702578664194067,0.8432532590042144
