legal_acreage,Count,MAE,MSE,R2,PRD,COD,PRB,Weighted Mean,Average Deviation,Mean Ratio,Median Ratio
"(0.0, 0.19]",2821,27214.22175266876,1394677790.941475,0.8603162917038385,1.0036042835601295,12.750086797538959,"{'PRB': -0.009997722876831783, 'Sig': 0.08714730954806754}",1.005604911579115,0.12844063138990697,1.0320641045220154,0.9926832856211636
"(0.19, 0.2]",296,28076.812446265816,1417152731.7818382,0.8270435121160256,1.0136609464736626,10.876219916342931,"{'PRB': -0.06683079417070667, 'Sig': 8.365933631555211e-05}",1.024595879220292,0.1126008207004244,0.9836490969217893,0.9659094710920577
"(0.2, 0.34]",2565,30148.921090059554,1898204569.0474517,0.848209067890366,1.0085319547542484,12.162766465279661,"{'PRB': -0.03845013158654301, 'Sig': 9.327595927508278e-10}",1.026191932403265,0.12549069811272523,1.0038832637818185,0.9692165752679252
"(0.34, 0.35]",129,32393.249804454797,2323935437.0233493,0.8129715820007317,1.0108519092035833,11.732985837700925,"{'PRB': -0.0539369156126971, 'Sig': 0.09883340541324762}",1.0046259032877805,0.11663439010793498,1.015670300420246,1.0059628062394863
"(0.35, inf]",2566,53162.84155152932,11348772318.955149,0.7735842560952194,1.005075383981577,15.352744327925054,"{'PRB': -0.012459097266457345, 'Sig': 0.12564604111075428}",1.0122321564619523,0.15333564577171405,1.0532928233332508,1.0012509107616014
