living_area,Count,MAE,PRD,COD,PRB,Weighted Mean,Mean Ratio,Median Ratio
"(0.0, 1000.0]",393,42332.58218925454,1.1445522671062978,28.1622923186504,"{'PRB': -0.7747274858446174, 'Sig': 4.4870979189884776e-69}",0.8203327096735499,0.9389136626383139,0.8296143806713748
"(1000.0, 1500.0]",2322,46610.30631937577,1.028371821957536,12.404377924297917,"{'PRB': -0.3479582513522534, 'Sig': 9.186222893120303e-253}",0.8351422544849897,0.8588367618384529,0.8295789531006992
"(1500.0, 2000.0]",2176,56465.018630733386,1.0164811816050936,9.632263588120205,"{'PRB': -0.25013074198598007, 'Sig': 7.43536307649005e-173}",0.8477797781510044,0.861752190635837,0.8467511544611169
"(2000.0, 2500.0]",1175,77157.11126110153,1.0182125218737377,9.969317518779805,"{'PRB': -0.2771215508873105, 'Sig': 7.307695419046014e-106}",0.8395664499062236,0.8548570722395971,0.8432092509823276
"(2500.0, 3000.0]",611,95229.48764779435,1.0156614275701465,9.835020338423552,"{'PRB': -0.21367082895238326, 'Sig': 6.575331348605447e-48}",0.8401381647280628,0.8532959277438672,0.8379471412682352
"(3000.0, 3500.0]",270,108434.55318822367,1.0213749216785506,9.858066112639966,"{'PRB': -0.28137582692754487, 'Sig': 1.198974049999426e-23}",0.850509268867135,0.8686888378760512,0.8505424391750611
"(3500.0, inf]",283,158500.54038332085,1.0246181237359828,10.269973233194982,"{'PRB': -0.16255561325103965, 'Sig': 2.6589162295604795e-25}",0.8393119043849954,0.8599741887002286,0.8519966909012516
