living_area,Count,MAE,PRD,COD,PRB,Weighted Mean,Mean Ratio,Median Ratio
"(0.0, 1000.0]",382,38423.17412037245,1.1100698866117533,23.1063269139257,"{'PRB': -0.6597218963871341, 'Sig': 1.2228123787693255e-63}",0.8207403601233129,0.9110791584997755,0.8207342888412079
"(1000.0, 1500.0]",2250,45982.762200376565,1.025727456239418,11.706421351405982,"{'PRB': -0.3315968698405908, 'Sig': 1.6033900562900058e-228}",0.832202766141471,0.8536132263896985,0.8283404549422424
"(1500.0, 2000.0]",2064,53629.77136477434,1.0138338808851477,9.14341874391269,"{'PRB': -0.22619590259001915, 'Sig': 1.870673414420858e-138}",0.8525390287037353,0.8643329520767623,0.8527036960275853
"(2000.0, 2500.0]",1073,72176.36851598391,1.0164909442632135,9.501907391478733,"{'PRB': -0.2701330917698324, 'Sig': 4.551458897303478e-92}",0.8482968929158995,0.8622861096956328,0.8501454999802787
"(2500.0, 3000.0]",550,94798.22741611177,1.0143982096714383,9.36198760787105,"{'PRB': -0.2096426077318554, 'Sig': 6.093981460473495e-43}",0.8387623000291745,0.8508389754894924,0.8387682343519176
"(3000.0, 3500.0]",235,107350.31685060782,1.0223652212246326,9.904027308946043,"{'PRB': -0.3019521459197697, 'Sig': 4.541601705525327e-22}",0.8504666096749658,0.8694874835445097,0.8542483251232416
"(3500.0, inf]",225,160526.04808042513,1.023206963257476,9.762486331196996,"{'PRB': -0.15794632771463069, 'Sig': 1.4159535805322072e-21}",0.829963628682535,0.8492245641184122,0.8409637947525919
