imprv_det_quality_cd,Count,MAE,PRD,COD,PRB,Weighted Mean,Mean Ratio,Median Ratio
0.75,3,37092.14398803007,1.167397002602533,50.54410860083273,"{'PRB': -1.1954988740312145, 'Sig': 0.3163592008532816}",1.6615721282050548,1.939714322074493,1.490840231960667
0.9,93,38808.02963995882,1.3077124389644232,47.71939221822378,"{'PRB': -0.7194630298775456, 'Sig': 3.046901161298811e-22}",1.0684773492176016,1.3972611203235916,1.1377571561613917
1.0,5025,55354.564697640286,1.0280783075058297,12.323541433197784,"{'PRB': -0.21564996555364974, 'Sig': 2.6728742437348213e-229}",0.8323619033560887,0.8557332168346587,0.8285545355309926
1.15,1628,76122.80159785296,1.018209750391844,8.810000048087542,"{'PRB': -0.1921724793806202, 'Sig': 6.968159072374023e-72}",0.8554433336389657,0.8710207432188982,0.8605812520388467
1.4,232,136062.85834445612,1.0198153280797024,9.007433739216587,"{'PRB': -0.19748772354404684, 'Sig': 2.2748924790506545e-25}",0.8548087471323457,0.8717470629021725,0.8687055892750161
1.7,11,294440.42024866625,1.0242677511647535,8.804023361543724,"{'PRB': -0.26646451900620793, 'Sig': 4.219641507584415e-05}",0.800004654469062,0.8194189683543619,0.8278481447632104
