imprv_det_quality_cd,Count,MAE,PRD,COD,PRB,Weighted Mean,Mean Ratio,Median Ratio
0.75,2,10733.28739810967,1.0114806667048772,8.125057563371074,"{'PRB': -0.4005189712000575, 'Sig': nan}",1.1484548741094007,1.1616399017446426,1.1616399017446426
0.9,71,36485.212652265254,1.267532163650317,40.99600162355847,"{'PRB': -0.7735757015288776, 'Sig': 1.1971577543185347e-12}",0.9839996670227205,1.2472512269725002,1.0328655549021561
1.0,5152,55488.939976232796,1.027971664688708,12.350210244579008,"{'PRB': -0.2046568933270707, 'Sig': 1.0956644569853232e-282}",0.8362073219225133,0.8595974327415724,0.8330797210681352
1.15,1735,81187.43040792986,1.013134519974586,8.095744032580527,"{'PRB': -0.11614584953081303, 'Sig': 6.428775692085978e-70}",0.8476097464590928,0.8587426936046135,0.8504078933995891
1.4,258,144123.9952640043,1.0185815836603724,8.795312030411434,"{'PRB': -0.16846046291704317, 'Sig': 2.5632963132232087e-23}",0.8490235127318674,0.8647997141633178,0.8613152944733153
1.7,12,348033.6351508694,1.029722784873493,11.595728160130994,"{'PRB': -0.28174293414395835, 'Sig': 0.0003910691940786424}",0.7739429704026829,0.796946710816314,0.7869538306774636
